drive-001.jpg	736x1104	024b9d6dadafb436c787bc6c242ee9c8.jpg
drive-002.jpg	736x981	04e91506383657ef4ae99773978e05b1.jpg
drive-003.jpg	1600x738	20251204_190640.jpg
drive-004.jpg	739x1600	20251204_190829.jpg
drive-005.jpg	738x1600	20260525_100317.jpg
drive-006.jpg	1134x1600	20260525_100336.jpg
drive-007.jpg	1334x1600	20260525_100346.jpg
drive-008.jpg	738x1600	20260811_174055.jpg
drive-009.jpg	736x980	25500e5785f96a5a0f031308e681f484__1_.jpg
drive-010.jpg	736x743	278433cae0dbb66ae63a922203c60638.jpg
drive-011.jpg	735x737	466f17e2380d90326f5cc63f975ed9ea.jpg
drive-012.jpg	736x736	5fb71456912220c188530f1b89b874eb__1_.jpg
drive-013.jpg	736x981	6d4e77843914b0a93eeab5abb66eca4f.jpg
drive-014.jpg	640x480	6e048b826013ef79db43b641445b9cc4.jpg
drive-015.jpg	736x549	6e1f110944f301d57ac12b7c3359551a.jpg
drive-016.jpg	736x981	725c9a074822de53c9f3e28dbdcab645.jpg
drive-017.jpg	736x852	8afc28761f826b22edcd956b59cb608a__1_.jpg
drive-018.jpg	736x736	8e7dc140b4c369a7dc4299e24811e44f.jpg
drive-019.jpg	736x736	97111f471dab6c2a50d3ba6457c590b1.jpg
drive-020.jpg	735x930	981b33eb18ca54e2312426fb0f220637.jpg
drive-021.jpg	900x1600	Amara_4_Birthday___________birthday__happy__viral__decor__party__girls__birthdaygirl_Origin.jpg
drive-022.jpg	1016x1024	IMG-20260525-WA0005.jpg
drive-023.jpg	800x800	IMG-20260703-WA0006.jpg
drive-024.jpg	1440x1033	IMG-20260715-WA0003.jpg
drive-025.jpg	1200x1200	IMG-20260803-WA0013.jpg
drive-026.jpg	1440x1440	SnapInsta.to_469338058_18150039559356212_1123531012940507452_n.jpg
drive-027.jpg	1440x1440	SnapInsta.to_486667046_18004025525734727_3769850813650474947_n.jpg
drive-028.jpg	1280x1600	SnapInsta.to_486763268_18004025408734727_2455238807969205223_n.jpg
drive-029.jpg	1440x1440	SnapInsta.to_487383878_18004025534734727_4957227617352618408_n.jpg
drive-030.jpg	1440x1440	SnapInsta.to_487391408_18004160906734727_836085627195140338_n.jpg
drive-031.jpg	1440x1440	SnapInsta.to_487443608_18004160924734727_7242510642420862193_n.jpg
drive-032.jpg	1440x1440	SnapInsta.to_487773253_18004160921734727_4056116213733175186_n.jpg
drive-033.jpg	1440x1440	SnapInsta.to_518241608_18171421726356212_357681289290091322_n.jpg
drive-034.jpg	1440x1439	SnapInsta.to_519231921_18171421708356212_8949866064807231344_n.jpg
drive-035.jpg	1439x959	SnapInsta.to_524435374_18058196606611988_4151495461029831145_n.jpg
drive-036.jpg	1440x1080	SnapInsta.to_524454631_18058427258611988_8586172022656575099_n.jpg
drive-037.jpg	1440x1080	SnapInsta.to_524714708_18058427267611988_5234790944190342558_n.jpg
drive-038.jpg	1440x1440	SnapInsta.to_528693443_18018994433734727_8374139968888699230_n.jpg
drive-039.jpg	1440x1440	SnapInsta.to_528747937_18018994442734727_7754657346080661258_n.jpg
drive-040.jpg	1440x1440	SnapInsta.to_529597228_18018994451734727_5104564752917491848_n.jpg
drive-041.jpg	1440x960	SnapInsta.to_530548269_18019403495734727_1432689265279865297_n.jpg
drive-042.jpg	1440x960	SnapInsta.to_530637236_18019403492734727_453319280579455896_n.jpg
drive-043.jpg	1200x1600	SnapInsta.to_539562460_18021601295734727_4383176670172663412_n.jpg
drive-044.jpg	1200x1600	SnapInsta.to_539903032_18021601304734727_971447773276536636_n.jpg
drive-045.jpg	1200x1600	SnapInsta.to_539955194_18021601286734727_3285356098747649092_n.jpg
drive-046.jpg	1440x1440	SnapInsta.to_540498551_18176232688356212_4336717347358226217_n.jpg
drive-047.jpg	1280x1600	SnapInsta.to_543619458_18022245971734727_3257326843556672303_n.jpg
drive-048.jpg	1200x1600	SnapInsta.to_550851786_18023639570734727_574658189433466350_n.jpg
drive-049.jpg	1279x1600	SnapInsta.to_553019677_18024859994734727_3624114600975893159_n.jpg
drive-050.jpg	1440x1439	SnapInsta.to_560583871_18181350004356212_4765419701038207116_n.jpg
drive-051.jpg	1440x1440	SnapInsta.to_561091671_18181349950356212_8415867528282024011_n.jpg
drive-052.jpg	1440x1440	SnapInsta.to_561305036_18181349986356212_8400951826546191675_n.jpg
drive-053.jpg	1440x754	SnapInsta.to_564529868_18027023150734727_1892459461684320283_n.jpg
drive-054.jpg	1440x960	SnapInsta.to_565082346_18026750714734727_9101922309180216904_n.jpg
drive-055.jpg	1440x754	SnapInsta.to_565233076_18027023111734727_1562417585418661535_n.jpg
drive-056.jpg	1440x960	SnapInsta.to_566140430_18026750705734727_7610060252847445049_n.jpg
drive-057.jpg	1440x754	SnapInsta.to_567292977_18027023120734727_2421370693904139533_n.jpg
drive-058.jpg	1200x1600	SnapInsta.to_567472135_18027023159734727_7252501818077860476_n.jpg
drive-059.jpg	1440x1080	SnapInsta.to_580897724_18030555986734727_1726157314389581299_n.jpg
drive-060.jpg	1440x1080	SnapInsta.to_580996354_18030555956734727_7175888697315776049_n.jpg
drive-061.jpg	1440x1080	SnapInsta.to_581693265_18030555977734727_5165445346031791654_n.jpg
drive-062.jpg	1439x895	SnapInsta.to_582348950_18030930719734727_4869837519167208793_n.jpg
drive-063.jpg	960x1201	SnapInsta.to_583798953_18072173816611988_4999280545008423503_n.jpg
drive-064.jpg	1279x1600	SnapInsta.to_584075835_18072173807611988_3345212017449685313_n.jpg
drive-065.jpg	1423x895	SnapInsta.to_584291887_18030930728734727_655419844312086016_n.jpg
drive-066.jpg	1201x1600	SnapInsta.to_584353692_18031835357734727_8165958190193494270_n.jpg
drive-067.jpg	1279x1600	SnapInsta.to_584380145_18072173825611988_3133998324103486577_n.jpg
drive-068.jpg	1440x1080	SnapInsta.to_584506782_18030555968734727_3243501460933624818_n.jpg
drive-069.jpg	1201x1600	SnapInsta.to_587652736_18031835336734727_6619525792738222621_n.jpg
drive-070.jpg	1280x1600	SnapInsta.to_587692365_18032391959734727_4596089720617165665_n.jpg
drive-071.jpg	1200x1600	SnapInsta.to_587713993_18031835321734727_1067393331703527375_n.jpg
drive-072.jpg	1200x1600	SnapInsta.to_587803237_18073862798611988_1814987482774861543_n.jpg
drive-073.jpg	1280x1600	SnapInsta.to_587926615_18032391968734727_1798901397041887884_n.jpg
drive-074.jpg	1201x1600	SnapInsta.to_588121408_18031835345734727_4692568552082500161_n.jpg
drive-075.jpg	1440x1440	SnapInsta.to_588365571_18031835525734727_5129301773394008334_n.jpg
drive-076.jpg	1440x1080	SnapInsta.to_588370526_18033131414734727_982452369700641524_n.jpg
drive-077.jpg	1280x1600	SnapInsta.to_588381198_18032391944734727_6987290706650004032_n.jpg
drive-078.jpg	1200x1600	SnapInsta.to_588410843_18034222943734727_3756813273725132356_n.jpg
drive-079.jpg	1200x1600	SnapInsta.to_588615291_18073862828611988_1556946540667316078_n.jpg
drive-080.jpg	1200x1600	SnapInsta.to_588641509_18073862810611988_748636823055271939_n.jpg
drive-081.jpg	1200x1600	SnapInsta.to_588643688_18057535766644169_8406271080921414171_n.jpg
drive-082.jpg	1440x1080	SnapInsta.to_589314142_18033131426734727_4814555115792096465_n.jpg
drive-083.jpg	1200x1600	SnapInsta.to_589539016_18073862819611988_5626957259905480790_n.jpg
drive-084.jpg	1440x1080	SnapInsta.to_590480979_18033131435734727_2638068392344620300_n.jpg
drive-085.jpg	1200x1600	SnapInsta.to_591161402_18073862789611988_5630895445988603338_n.jpg
drive-086.jpg	1279x1600	SnapInsta.to_598933298_18033803435734727_1819415226710264886_n.jpg
drive-087.jpg	1440x1440	SnapInsta.to_598945723_18033803150734727_1521243965608073929_n.jpg
drive-088.jpg	1440x1440	SnapInsta.to_599231175_18033803159734727_4475497727828799462_n.jpg
drive-089.jpg	1440x1440	SnapInsta.to_599918849_18033803138734727_543726306571623440_n.jpg
drive-090.jpg	1200x1600	SnapInsta.to_601779901_18034222928734727_3764991406838600588_n.jpg
drive-091.jpg	1200x1600	SnapInsta.to_602372712_18034222967734727_3809185972998820990_n.jpg
drive-092.jpg	1200x1600	SnapInsta.to_602393247_18034222952734727_7931727152408288198_n.jpg
drive-093.jpg	1201x1600	SnapInsta.to_604073981_18034847012734727_3246880269306554372_n.jpg
drive-094.jpg	1201x1600	SnapInsta.to_604326505_18034847024734727_1090259889520050459_n.jpg
drive-095.jpg	1440x1440	SnapInsta.to_605458239_18035053373734727_7429559694401846852_n.jpg
drive-096.jpg	1440x1440	SnapInsta.to_605878688_18035053394734727_810518198348774000_n.jpg
drive-097.jpg	1440x1440	SnapInsta.to_606621296_18035053397734727_28381758556226150_n.jpg
drive-098.jpg	1440x1080	SnapInsta.to_607801830_18035437631734727_2703225008934896528_n.jpg
drive-099.jpg	1440x1080	SnapInsta.to_609710349_18035437622734727_619318955977352163_n.jpg
drive-100.jpg	1440x1080	SnapInsta.to_610773548_18078423002521577_3902444677731364700_n.jpg
drive-101.jpg	960x966	SnapInsta.to_611236473_18077901614611988_4295257657376548663_n.jpg
drive-102.jpg	960x966	SnapInsta.to_611266797_18077901590611988_8826488363603888922_n.jpg
drive-103.jpg	1440x1080	SnapInsta.to_611270981_18078422993521577_6987737989220588847_n.jpg
drive-104.jpg	1440x1080	SnapInsta.to_611663269_18036578849734727_6235797482657018070_n.jpg
drive-105.jpg	1440x1080	SnapInsta.to_611696824_18036578867734727_2901945817292904069_n.jpg
drive-106.jpg	1440x1080	SnapInsta.to_612109923_18036508784734727_1651565974877292312_n.jpg
drive-107.jpg	1440x1080	SnapInsta.to_612536594_18078423011521577_6649152163166169399_n.jpg
drive-108.jpg	1440x1080	SnapInsta.to_612583563_18036508796734727_3733845412368978208_n.jpg
drive-109.jpg	1440x1080	SnapInsta.to_612939579_18078423266521577_5577426046628711020_n.jpg
drive-110.jpg	1440x1080	SnapInsta.to_612957357_18078423248521577_2510589451018766980_n.jpg
drive-111.jpg	1440x1080	SnapInsta.to_613005189_18078423257521577_5513714776070729421_n.jpg
drive-112.jpg	1200x1600	SnapInsta.to_613168870_18036791840734727_2398977854815042547_n.jpg
drive-113.jpg	1440x1080	SnapInsta.to_613279378_18036508718734727_2783156882128004871_n.jpg
drive-114.jpg	1440x1440	SnapInsta.to_613634037_17921710749232124_1882573056955676499_n.jpg
drive-115.jpg	1440x1080	SnapInsta.to_613638172_18036578858734727_884087765716132644_n.jpg
drive-116.jpg	1440x1440	SnapInsta.to_616243529_18078567539611988_8294890706112832241_n.jpg
drive-117.jpg	1440x1440	SnapInsta.to_616456177_18078567515611988_8474266390561336974_n.jpg
drive-118.jpg	721x406	SnapInsta.to_616566693_18037050842734727_7769987413779662990_n.jpg
drive-119.jpg	721x406	SnapInsta.to_617258885_18037050851734727_5156125756558139619_n.jpg
drive-120.jpg	1024x1024	SnapInsta.to_617631327_18078567527611988_1669106425842778557_n.jpg
drive-121.jpg	1440x1439	SnapInsta.to_620355977_18079254500611988_849869484652437782_n.jpg
drive-122.jpg	1440x1439	SnapInsta.to_620500566_18079254527611988_8359090285760810934_n.jpg
drive-123.jpg	1440x1440	SnapInsta.to_620510774_18079254509611988_1085238824312870370_n.jpg
drive-124.jpg	1440x1440	SnapInsta.to_620533087_18079254545611988_8357513672604354704_n.jpg
drive-125.jpg	1440x1440	SnapInsta.to_620729512_18079254536611988_6213650775295377034_n.jpg
drive-126.jpg	1440x1080	SnapInsta.to_620752388_18038040719734727_8487526414626278791_n.jpg
drive-127.jpg	1440x1080	SnapInsta.to_620848947_18038040710734727_9007789000514393570_n.jpg
drive-128.jpg	1440x1080	SnapInsta.to_621140431_18038040701734727_5980712350891592626_n.jpg
drive-129.jpg	1440x1080	SnapInsta.to_621589554_18038040677734727_9114187734311116109_n.jpg
drive-130.jpg	1440x1080	SnapInsta.to_625982012_18039309152734727_9188290551441217157_n.jpg
drive-131.jpg	1440x1080	SnapInsta.to_627142488_18039309269734727_3016610998743190948_n.jpg
drive-132.jpg	1440x1080	SnapInsta.to_627482014_18039309224734727_5581194866985973738_n.jpg
drive-133.jpg	1440x1069	SnapInsta.to_627541999_18081545024611988_8132754453696169814_n.jpg
drive-134.jpg	1440x1073	SnapInsta.to_628031513_18081545042611988_4839477055256820007_n.jpg
drive-135.jpg	801x754	SnapInsta.to_628031513_18082147574521577_4735281394396819484_n.jpg
drive-136.jpg	1440x1080	SnapInsta.to_628303386_18039665000734727_8697540546875958770_n.jpg
drive-137.jpg	1440x1080	SnapInsta.to_629353894_18039665018734727_772208632711054540_n.jpg
drive-138.jpg	1440x1073	SnapInsta.to_629840427_18081545033611988_5283343753083093468_n.jpg
drive-139.jpg	1440x1080	SnapInsta.to_630000866_18039665009734727_1738293754400758071_n.jpg
drive-140.jpg	1440x1080	SnapInsta.to_631635914_18040567481734727_1326226770245624960_n.jpg
drive-141.jpg	1440x1073	SnapInsta.to_632637626_18081545051611988_6675492068243362650_n.jpg
drive-142.jpg	1440x1080	SnapInsta.to_632938496_18040567499734727_5842432500156247147_n.jpg
drive-143.jpg	1440x1080	SnapInsta.to_634260731_18040567490734727_1473033067762549549_n.jpg
drive-144.jpg	1440x1080	SnapInsta.to_635337301_18040567469734727_2253031023022385307_n.jpg
drive-145.jpg	1440x1080	SnapInsta.to_641257638_18042539867734727_3921065353569639197_n.jpg
drive-146.jpg	1440x1080	SnapInsta.to_642558665_18042426947734727_8787657030974051917_n.jpg
drive-147.jpg	1440x1080	SnapInsta.to_643642079_18042426932734727_8795362730829746632_n.jpg
drive-148.jpg	1440x1080	SnapInsta.to_645464858_18042539855734727_9037079250268836007_n.jpg
drive-149.jpg	1440x1080	SnapInsta.to_645487615_18042426905734727_1665633560178622691_n.jpg
drive-150.jpg	1440x1080	SnapInsta.to_645489558_18042539846734727_1629563087947290353_n.jpg
drive-151.jpg	1201x1600	SnapInsta.to_645952242_18084303911611988_2298174172228571208_n.jpg
drive-152.jpg	1201x1600	SnapInsta.to_645970267_18084303902611988_1710329284306396810_n.jpg
drive-153.jpg	1201x1600	SnapInsta.to_645997639_18084303929611988_8587735106512642105_n.jpg
drive-154.jpg	1201x1600	SnapInsta.to_648284564_18084303884611988_1144128680232868845_n.jpg
drive-155.jpg	1440x1080	SnapInsta.to_649047015_18043070801734727_3517432449712758897_n.jpg
drive-156.jpg	1440x1080	SnapInsta.to_649223925_18043070792734727_6109036889158669184_n.jpg
drive-157.jpg	1440x1080	SnapInsta.to_649225017_18043070783734727_8429031469951394227_n.jpg
drive-158.jpg	1440x1440	SnapInsta.to_651018595_17929540224232124_3788328449754028009_n.jpg
drive-159.jpg	1440x1440	SnapInsta.to_651860309_17929540257232124_5746880975544822679_n.jpg
drive-160.jpg	1440x1080	SnapInsta.to_654329373_18044593106734727_1713294257201006226_n.jpg
drive-161.jpg	1200x1600	SnapInsta.to_655305501_18068508650644169_5834513275537827571_n.jpg
drive-162.jpg	1440x1080	SnapInsta.to_655525597_18044593097734727_6240632325586819732_n.jpg
drive-163.jpg	1440x1298	SnapInsta.to_656164579_18045155930734727_4124202818690224519_n.jpg
drive-164.jpg	1440x1080	SnapInsta.to_656245563_18044593115734727_4715262314611987874_n.jpg
drive-165.jpg	1440x1298	SnapInsta.to_656505883_18045155918734727_4372993839170867857_n.jpg
drive-166.jpg	1440x1080	SnapInsta.to_656571030_17932013142232124_7975312418748271591_n.jpg
drive-167.jpg	1200x1600	SnapInsta.to_657614715_18045924536734727_3244188628631522734_n.jpg
drive-168.jpg	1440x1298	SnapInsta.to_657772100_18045155921734727_720996220632927874_n.jpg
drive-169.jpg	1200x1600	SnapInsta.to_657842388_18045924527734727_6032584628084236389_n.jpg
drive-170.jpg	1080x1440	SnapInsta.to_658219343_18517369243073592_4755584677532405660_n.jpg
drive-171.jpg	1200x1600	SnapInsta.to_658321890_18045555848734727_1652846831545074469_n.jpg
drive-172.jpg	1080x1064	SnapInsta.to_658346503_18519650116073592_8804628101881806309_n.jpg
drive-173.jpg	1281x1600	SnapInsta.to_658360432_18045282503734727_1662334555744607018_n.jpg
drive-174.jpg	1200x1600	SnapInsta.to_658405487_18070310804644169_1747207634972514580_n.jpg
drive-175.jpg	1201x1600	SnapInsta.to_658626421_18088610594611988_5737892872221226862_n.jpg
drive-176.jpg	1201x1600	SnapInsta.to_658627105_18045555857734727_8431049780192695843_n.jpg
drive-177.jpg	1201x1600	SnapInsta.to_658836989_18045924545734727_5825264582326144693_n.jpg
drive-178.jpg	1201x1600	SnapInsta.to_658952296_18088610582611988_5031262744163578039_n.jpg
drive-179.jpg	1080x1440	SnapInsta.to_658953083_18518552230073592_2003727778367212413_n.jpg
drive-180.jpg	1078x565	SnapInsta.to_659066260_18519816091073592_7009157935920574844_n.jpg
drive-181.jpg	1080x810	SnapInsta.to_659583063_18518762647073592_2333046985259220911_n.jpg
drive-182.jpg	1201x1600	SnapInsta.to_660032039_18088610531611988_6861058867736987929_n.jpg
drive-183.jpg	1201x1600	SnapInsta.to_660089348_18088610603611988_468392175214708895_n.jpg
drive-184.jpg	1201x1600	SnapInsta.to_660311658_18088610558611988_768894862131698121_n.jpg
drive-185.jpg	1080x810	SnapInsta.to_660954513_18520052050073592_5762638642973163143_n.jpg
drive-186.jpg	1200x1600	SnapInsta.to_662418092_18047307086734727_437435858805290005_n.jpg
drive-187.jpg	1200x1600	SnapInsta.to_662431701_18089236268611988_7724694048776445250_n.jpg
drive-188.jpg	1200x1600	SnapInsta.to_668894610_18089236247611988_2842645869735458021_n.jpg
drive-189.jpg	1200x1600	SnapInsta.to_669188943_18089236238611988_895157672859383057_n.jpg
drive-190.jpg	1440x1080	SnapInsta.to_669507134_18047653784734727_2825940810905106473_n.jpg
drive-191.jpg	1200x1600	SnapInsta.to_669624598_18047307452734727_8431161424400782278_n.jpg
drive-192.jpg	1201x1600	SnapInsta.to_669845523_18047307464734727_160998372217127899_n.jpg
drive-193.jpg	1440x1080	SnapInsta.to_670279994_18047515061734727_8852100261204873629_n.jpg
drive-194.jpg	1080x810	SnapInsta.to_670317417_18521269507073592_4324133030362402205_n.jpg
drive-195.jpg	1200x1600	SnapInsta.to_670431367_18047307473734727_2735194835952748178_n.jpg
drive-196.jpg	1080x1238	SnapInsta.to_670486471_18522705067073592_2168155537555519204_n.jpg
drive-197.jpg	1080x810	SnapInsta.to_670877431_18521587252073592_2524627220573956225_n.jpg
drive-198.jpg	1440x1080	SnapInsta.to_670949023_18090999338611988_1869051267131745949_n.jpg
drive-199.jpg	1080x810	SnapInsta.to_671106919_18521421106073592_1548044419404166793_n.jpg
drive-200.jpg	1440x1080	SnapInsta.to_671119014_18090999347611988_2508830193623300704_n.jpg
drive-201.jpg	1440x1440	SnapInsta.to_671166277_17936004102232124_2788225976288052955_n.jpg
drive-202.jpg	1440x783	SnapInsta.to_671177277_18048732752734727_76163866581357831_n.jpg
drive-203.jpg	1080x1080	SnapInsta.to_671188070_18523106929073592_484977996905764165_n.jpg
drive-204.jpg	1440x1080	SnapInsta.to_671233834_18090999356611988_1912745067640916173_n.jpg
drive-205.jpg	1440x1080	SnapInsta.to_671247410_18047653961734727_4916683285312361710_n.jpg
drive-206.jpg	1440x1080	SnapInsta.to_671721283_18048861641734727_8436715239134057393_n.jpg
drive-207.jpg	1080x810	SnapInsta.to_671745171_18523705165073592_8238161890826709829_n.jpg
drive-208.jpg	1440x1440	SnapInsta.to_671862339_17936004111232124_2551054216458283865_n.jpg
drive-209.jpg	1080x1269	SnapInsta.to_672497202_18522306205073592_7512846731165032897_n.jpg
drive-210.jpg	1440x1080	SnapInsta.to_672971361_18048861632734727_7757537714703584350_n.jpg
drive-211.jpg	1440x1080	SnapInsta.to_673178077_18048861623734727_664079290811199997_n.jpg
drive-212.jpg	1440x1080	SnapInsta.to_673830946_18090999365611988_773585482539210457_n.jpg
drive-213.jpg	1200x1600	SnapInsta.to_673852562_18072871550644169_8335897947092958201_n.jpg
drive-214.jpg	1200x1600	SnapInsta.to_673872295_18072871820644169_8013242005458351513_n.jpg
drive-215.jpg	1440x1440	SnapInsta.to_674486481_17936004093232124_5451748546958393054_n.jpg
drive-216.jpg	1440x1440	SnapInsta.to_683043552_18092284433611988_1484053045617744081_n.jpg
drive-217.jpg	1440x1440	SnapInsta.to_683310677_18091888937611988_1375232440223457844_n.jpg
drive-218.jpg	1440x1440	SnapInsta.to_683313365_18091888946611988_2584352586107956176_n.jpg
drive-219.jpg	1439x827	SnapInsta.to_683338653_18050163248734727_1856779113232299123_n.jpg
drive-220.jpg	1440x1440	SnapInsta.to_683605479_18092284457611988_8668409086388475396_n.jpg
drive-221.jpg	1440x1080	SnapInsta.to_683665781_18050163119734727_3485476421520786179_n.jpg
drive-222.jpg	1440x967	SnapInsta.to_684222871_18087188603615306_430896494179921560_n.jpg
drive-223.jpg	1440x1440	SnapInsta.to_684552962_18091888928611988_7035834294911686950_n.jpg
drive-224.jpg	1440x1440	SnapInsta.to_684819189_18092284460611988_4156210579670337745_n.jpg
drive-225.jpg	1440x967	SnapInsta.to_684991706_18087188387615306_1827091365746539844_n.jpg
drive-226.jpg	1440x1440	SnapInsta.to_685071212_18092964899611988_5939412376193689738_n.jpg
drive-227.jpg	1080x1440	SnapInsta.to_685193134_18524886622073592_2570966273537689074_n.jpg
drive-228.jpg	1440x962	SnapInsta.to_685306065_18087188396615306_64238300045306734_n.jpg
drive-229.jpg	1440x1440	SnapInsta.to_685473964_18092964914611988_8868712699695158029_n.jpg
drive-230.jpg	1440x962	SnapInsta.to_685935230_18087188348615306_8840733405386960930_n.jpg
drive-231.jpg	1440x1440	SnapInsta.to_686973225_18092964923611988_4311165181968252782_n.jpg
drive-232.jpg	1440x1440	SnapInsta.to_687030150_18093363152611988_6223982672187237642_n.jpg
drive-233.jpg	1079x718	SnapInsta.to_689041483_18525819520073592_6336695887142944338_n.jpg
drive-234.jpg	1080x1440	SnapInsta.to_689139155_18527099797073592_9121593383660854106_n.jpg
drive-235.jpg	1080x1373	SnapInsta.to_689200396_18526869475073592_1883964727601141726_n.jpg
drive-236.jpg	1080x1440	SnapInsta.to_689308337_18527552035073592_8411301750908669090_n.jpg
drive-237.jpg	1440x1440	SnapInsta.to_689840972_18093363179611988_8412542028180878557_n.jpg
drive-238.jpg	1201x1600	SnapInsta.to_695864277_17939068803232124_7648521460803667662_n.jpg
drive-239.jpg	1201x1600	SnapInsta.to_700086819_17939068800232124_8775092194195676495_n.jpg
drive-240.jpg	1201x1600	SnapInsta.to_700124231_17939068812232124_8243451457568104055_n.jpg
drive-241.jpg	1200x1600	SnapInsta.to_700134682_17939343690232124_4544952211711267846_n.jpg
drive-242.jpg	1080x1440	SnapInsta.to_700361395_18528639112073592_249240616794235831_n.jpg
drive-243.jpg	1201x1600	SnapInsta.to_702083881_17939343672232124_7431365859185945884_n.jpg
drive-244.jpg	1200x1600	SnapInsta.to_702133640_17939343663232124_3445190791833245950_n.jpg
drive-245.jpg	1200x1600	SnapInsta.to_702209104_17939888730232124_4749443975764255846_n.jpg
drive-246.jpg	1080x810	SnapInsta.to_702677143_18529345738073592_7259601090949830672_n.jpg
drive-247.jpg	1200x1600	SnapInsta.to_703026437_17939888751232124_5402349317392949417_n.jpg
drive-248.jpg	1200x1600	SnapInsta.to_703727653_17939888739232124_8558365764592934766_n.jpg
drive-249.jpg	1200x1600	SnapInsta.to_704636938_18076464437644169_4675291521842428127_n.jpg
drive-250.jpg	1200x1600	SnapInsta.to_704688805_18076464299644169_5928972195029613774_n.jpg
drive-251.jpg	1200x1600	SnapInsta.to_704702469_18076464374644169_632051776051895985_n.jpg
drive-252.jpg	1200x1600	SnapInsta.to_708967045_18096270533611988_7064240106589672540_n.jpg
drive-253.jpg	1321x1600	SnapInsta.to_709609267_18055743620764134_1125711436894913103_n.jpg
drive-254.jpg	1411x1600	SnapInsta.to_709707966_18206739958356212_440116552309617944_n.jpg
drive-255.jpg	1200x1600	SnapInsta.to_709862595_18096270515611988_9031985793369644880_n.jpg
drive-256.jpg	1200x1600	SnapInsta.to_710138648_18077705045644169_3185758485014745440_n.jpg
drive-257.jpg	1200x1600	SnapInsta.to_710756948_18056212706764134_769435187430269804_n.jpg
drive-258.jpg	1600x1200	SnapInsta.to_710978952_18096723725611988_2469546310404304530_n.jpg
drive-259.jpg	1201x1600	SnapInsta.to_711583208_18096270596611988_8594875058157767287_n.jpg
drive-260.jpg	1024x1365	SnapInsta.to_712287363_18056217146764134_3398133631348737977_n.jpg
drive-261.jpg	1080x1080	SnapInsta.to_713823533_18532926622073592_4082523917674486366_n.jpg
drive-262.jpg	1440x1439	SnapInsta.to_714571208_18091228811615306_6661632702646108168_n.jpg
drive-263.jpg	1440x1440	SnapInsta.to_714631174_18091228802615306_9220480049038043720_n.jpg
drive-264.jpg	1200x900	SnapInsta.to_714736429_18096723734611988_4402643656097488443_n.jpg
drive-265.jpg	1600x1200	SnapInsta.to_714830603_18087260426570752_2645484070080615131_n.jpg
drive-266.jpg	1600x1200	SnapInsta.to_716911220_18087260408570752_1471054688907964735_n.jpg
drive-267.jpg	1600x1200	SnapInsta.to_717457596_18087260417570752_1169947579274496776_n.jpg
drive-268.jpg	1201x901	SnapInsta.to_717582450_18097249226611988_5294437219253087556_n.jpg
drive-269.jpg	1200x900	SnapInsta.to_718160792_18097249235611988_6192363944656941011_n.jpg
drive-270.jpg	1080x1080	SnapInsta.to_718698777_18533837353073592_1395889844901205128_n.jpg
drive-271.jpg	1440x1085	SnapInsta.to_718816258_18091724699615306_1063292501013130618_n.jpg
drive-272.jpg	1200x900	SnapInsta.to_719160730_18097249208611988_5433469531850131038_n.jpg
drive-273.jpg	1440x1080	SnapInsta.to_719452267_18091724651615306_3021956867131693230_n.jpg
drive-274.jpg	1177x1546	SnapInsta.to_719574052_18057232796764134_6616905040812124432_n.jpg
drive-275.jpg	1600x1600	SnapInsta.to_719919203_18208287709356212_8725782750235534789_n.jpg
drive-276.jpg	1080x1080	SnapInsta.to_720248905_18534505924073592_137305901145623199_n.jpg
drive-277.jpg	1440x1085	SnapInsta.to_720333791_18091724669615306_3805365703638191022_n.jpg
drive-278.jpg	1440x1440	SnapInsta.to_720623596_18097659032611988_8915269288889955433_n.jpg
drive-279.jpg	1440x1440	SnapInsta.to_720675034_18097659044611988_6033236115708784318_n.jpg
drive-280.jpg	1080x1440	SnapInsta.to_720971450_18534710377073592_1740948694695735381_n.jpg
drive-281.jpg	1600x1200	SnapInsta.to_723240540_18088581149570752_3733062041581593661_n.jpg
drive-282.jpg	1600x1200	SnapInsta.to_723883594_18088581113570752_1327865220268139832_n.jpg
drive-283.jpg	1600x1205	SnapInsta.to_723918256_18088581137570752_2130017762674144321_n.jpg
drive-284.jpg	1079x569	SnapInsta.to_724010244_18534975067073592_3545128679360618229_n.jpg
drive-285.jpg	1206x1600	SnapInsta.to_724067955_18057181868720047_6773210507486581659_n.jpg
drive-286.jpg	1080x1080	SnapInsta.to_724265054_18535176676073592_19663446052194142_n.jpg
drive-287.jpg	1080x1440	SnapInsta.to_724312673_18535862779073592_76368354043444330_n.jpg
drive-288.jpg	1600x1200	SnapInsta.to_724321039_18088581140570752_3722416940066840060_n.jpg
drive-289.jpg	1600x1200	SnapInsta.to_724691731_18088581158570752_4249412690701678136_n.jpg
drive-290.jpg	1600x1200	SnapInsta.to_724744259_18088581167570752_6555349467478148588_n.jpg
drive-291.jpg	1080x810	SnapInsta.to_725144929_18535635211073592_5015018858220921876_n.jpg
drive-292.jpg	1080x1440	SnapInsta.to_725319318_18535862794073592_410120787000168038_n.jpg
drive-293.jpg	1080x1276	SnapInsta.to_726937810_18536601046073592_6550422452559002635_n.jpg
drive-294.jpg	1200x1600	SnapInsta.to_728099478_18081312245644169_6272637936458883190_n.jpg
drive-295.jpg	1080x1350	SnapInsta.to_728943125_18538670968073592_8374534689147289828_n.jpg
drive-296.jpg	1079x871	SnapInsta.to_730018601_18539722051073592_4669242651429316372_n.jpg
drive-297.jpg	1080x1080	SnapInsta.to_730018605_18539186590073592_3319914212319030010_n.jpg
drive-298.jpg	1080x1080	SnapInsta.to_730141589_18538420126073592_760119831064819289_n.jpg
drive-299.jpg	1080x1080	SnapInsta.to_730182486_18540228400073592_3471862614778187037_n.jpg
drive-300.jpg	1080x810	SnapInsta.to_730294541_18539971360073592_9134934876497506667_n.jpg
drive-301.jpg	1085x814	SnapInsta.to_730695463_18099731540611988_7588073611504311826_n.jpg
drive-302.jpg	1200x900	SnapInsta.to_731052155_18099731549611988_7504969306152783207_n.jpg
drive-303.jpg	1201x1600	SnapInsta.to_731133484_18081312173644169_323118084759474012_n.jpg
drive-304.jpg	1080x1440	SnapInsta.to_732340865_18540746806073592_2995854984094427932_n.jpg
drive-305.jpg	1202x1600	SnapInsta.to_732478358_18095518142615306_5187496122397561411_n.jpg
drive-306.jpg	1600x1200	SnapInsta.to_733485463_18101534627611988_1205400571096595420_n.jpg
drive-307.jpg	1185x1567	SnapInsta.to_734644577_18062149553764134_6255068047784232650_n.jpg
drive-308.jpg	1600x1200	SnapInsta.to_734656129_18101534684611988_2943343084975119283_n.jpg
drive-309.jpg	1600x1200	SnapInsta.to_734973573_18101534699611988_6683453487803978764_n.jpg
drive-310.jpg	1080x838	SnapInsta.to_735393742_18540460873073592_8200721239803432655_n.jpg
drive-311.jpg	1600x1200	SnapInsta.to_739986385_18101534636611988_4699611831117347876_n.jpg
drive-312.jpg	1440x1440	SnapInsta.to_743186178_18061095530734727_7887909885739301512_n.jpg
drive-313.jpg	1080x1080	SnapInsta.to_743730492_18060179882734727_1126017851426818025_n.jpg
drive-314.jpg	1179x1548	SnapInsta.to_744198765_18062805260764134_6762655338365470720_n.jpg
drive-315.jpg	1080x810	SnapInsta.to_744597748_18060179744734727_6614056478644069771_n.jpg
drive-316.jpg	1080x1080	SnapInsta.to_744915963_18060179873734727_3688763762166041213_n.jpg
drive-317.jpg	1550x1600	SnapInsta.to_745123621_17947378044238995_7354501930555685292_n.jpg
drive-318.jpg	1080x1080	SnapInsta.to_745334787_18060179891734727_1767438722059858308_n.jpg
drive-319.jpg	1556x1600	SnapInsta.to_745981838_17947378035238995_5489415205229876758_n.jpg
drive-320.jpg	1080x1280	SnapInsta.to_746420764_18542453563073592_394414386415286775_n.jpg
drive-321.jpg	1080x810	SnapInsta.to_746429357_18543196204073592_2266542098123427012_n.jpg
drive-322.jpg	1179x1548	SnapInsta.to_746615541_18062805206764134_364739693761199093_n.jpg
drive-323.jpg	1080x810	SnapInsta.to_746761797_18542710147073592_2204309701534431956_n.jpg
drive-324.jpg	1179x1548	SnapInsta.to_747080011_18062805215764134_8634126324576763382_n.jpg
drive-325.jpg	1200x1600	SnapInsta.to_747613156_18063277346764134_4990177101528174764_n.jpg
drive-326.jpg	1080x720	SnapInsta.to_747761154_18060181901734727_9056555820711047322_n.jpg
drive-327.jpg	1214x1600	SnapInsta.to_748359652_18063290711764134_4229103635994513246_n.jpg
drive-328.jpg	1237x1600	SnapInsta.to_749755994_18063290552764134_8197926335725621517_n.jpg
drive-329.jpg	1080x810	SnapInsta.to_752107025_18544522927073592_5659906285864171853_n.jpg
drive-330.jpg	1080x1440	SnapInsta.to_752360920_18545017552073592_7976503518414622407_n.jpg
drive-331.jpg	1440x1440	SnapInsta.to_753205092_18061907747734727_4383425376088369465_n.jpg
drive-332.jpg	1440x1080	SnapInsta.to_753604703_18061907387734727_6875934336399865300_n.jpg
drive-333.jpg	1440x1080	SnapInsta.to_754036774_18061907465734727_7298341284498511031_n.jpg
drive-334.jpg	1440x754	SnapInsta.to_754224279_17950355253232124_5617470561531194744_n.jpg
drive-335.jpg	1440x938	SnapInsta.to_755246931_18009750512942074_8522419317970839376_n.jpg
drive-336.jpg	1440x1440	SnapInsta.to_755264150_17950355574232124_1140003190164093418_n.jpg
drive-337.jpg	1440x798	SnapInsta.to_755264521_18061907492734727_590657431079881364_n.jpg
drive-338.jpg	1440x754	SnapInsta.to_755317345_18062309192734727_454043664939971840_n.jpg
drive-339.jpg	1600x1183	SnapInsta.to_755432564_18093656444570752_4676037924515928157_n.jpg
drive-340.jpg	1080x1440	SnapInsta.to_755464578_18546303295073592_711359229161453057_n.jpg
drive-341.jpg	1200x1600	SnapInsta.to_755694136_18061907384734727_3537767554390007466_n.jpg
drive-342.jpg	1440x875	SnapInsta.to_755807086_17950355433232124_6042012769267252659_n.jpg
drive-343.jpg	1600x1183	SnapInsta.to_755878746_18093656474570752_6433306732054270163_n.jpg
drive-344.jpg	944x1132	SnapInsta.to_755945205_18065073818764134_7643606289836095421_n.jpg
drive-345.jpg	1200x1600	SnapInsta.to_756038849_18085798133644169_1934161122462180484_n.jpg
drive-346.jpg	1600x1183	SnapInsta.to_756046273_18093656456570752_7825071426952332804_n.jpg
drive-347.jpg	1182x1531	SnapInsta.to_756436630_18064954619764134_8720293082730531017_n.jpg
drive-348.jpg	1600x1180	SnapInsta.to_756612626_18093656435570752_2650680022549638566_n.jpg
drive-349.jpg	1080x1440	SnapInsta.to_756647404_18545817340073592_8694747877039570111_n.jpg
drive-350.jpg	1440x1080	SnapInsta.to_756874114_18010744679942074_560013300669668768_n.jpg
drive-351.jpg	1179x1054	SnapInsta.to_757656525_18065230112764134_5794222061662113305_n.jpg
drive-352.jpg	1600x1200	SnapInsta.to_758350410_18105071933611988_7092842376257824462_n.jpg
drive-353.jpg	1440x1064	SnapInsta.to_758426981_18477298783129200_6673684746814090482_n.jpg
drive-354.jpg	1600x1200	SnapInsta.to_758444431_18105071912611988_7076871547837353772_n.jpg
drive-355.jpg	1440x1175	SnapInsta.to_759254287_18105756395611988_5704981485319586358_n.jpg
drive-356.jpg	1200x1600	SnapInsta.to_759716924_18105431537611988_4771688340162657573_n.jpg
drive-357.jpg	1600x1389	SnapInsta.to_759716999_17950011921238995_4363139447756012547_n.jpg
drive-358.jpg	1200x1600	SnapInsta.to_759752489_18112853915512748_546380355357290468_n.jpg
drive-359.jpg	1080x1173	SnapInsta.to_759776250_18547273996073592_6060240232359734586_n.jpg
drive-360.jpg	960x1280	SnapInsta.to_759849423_18105431528611988_8176325765144751303_n.jpg
drive-361.jpg	1080x1440	SnapInsta.to_759975247_18547020544073592_4139018554296348603_n.jpg
drive-362.jpg	1402x1122	SnapInsta.to_760023644_18115937215888222_3779409015481984835_n.jpg
drive-363.jpg	1600x1389	SnapInsta.to_760034129_17950011909238995_933367368216950285_n.jpg
drive-364.jpg	1200x1600	SnapInsta.to_760122762_18105431546611988_2350827215179024826_n.jpg
drive-365.jpg	1600x1384	SnapInsta.to_760285733_17950011897238995_5767494568911299920_n.jpg
drive-366.jpg	1440x1176	SnapInsta.to_760343705_18105756422611988_7753237383121523215_n.jpg
drive-367.jpg	1440x1176	SnapInsta.to_760511807_18105756404611988_2469728426780680324_n.jpg
drive-368.jpg	1080x1080	SnapInsta.to_761585740_18547558117073592_6228211502026361243_n.jpg
drive-369.jpg	1440x1176	SnapInsta.to_762166803_18105756413611988_220981011586779669_n.jpg
drive-370.jpg	1440x1176	SnapInsta.to_762252618_18105756386611988_2252625528683828836_n.jpg
drive-371.jpg	1440x1440	SnapInsta.to_762846598_18477484258129200_3257541898974440677_n.jpg
drive-372.jpg	1600x1200	SnapInsta.to_762864184_18094863683570752_3634626974585514941_n.jpg
drive-373.jpg	1200x1600	SnapInsta.to_763587407_18099978125615306_1584396223687558285_n.jpg
drive-374.jpg	1200x1600	SnapInsta.to_763588141_18099978116615306_1078183681309423372_n.jpg
drive-375.jpg	1200x1600	SnapInsta.to_763646661_18099978092615306_4888092108761799677_n.jpg
drive-376.jpg	1600x1205	SnapInsta.to_764382473_18094863692570752_8027280586814096048_n.jpg
drive-377.jpg	1600x1200	SnapInsta.to_764390396_18094863674570752_3782230173869969825_n.jpg
drive-378.jpg	500x500	c8c347b48d7f1d9280c0e0593b983afa.jpg
drive-379.jpg	736x736	cbfcf41a915d51520e21f1ef5f0128b5.jpg
drive-380.jpg	736x920	d52120c52e1d6bece6c062e02a137067.jpg
drive-381.jpg	736x485	edaefe33be582a162064e22b8039475e__3_.jpg
drive-382.jpg	1600x740	file_000000007f8c8211937ac5c1302e0b51.png
drive-383.jpg	1105x1423	file_00000000828871fd8429e4d14da6a945.png
drive-384.jpg	1600x738	file_00000000acf4820bbb617c86094830b7.png
drive-385.jpg	1600x918	file_00000000cd087208846fae16f2990178.png
drive-386.jpg	1600x1600	pink-and-silver-birthday-bliss-decor.jpg
